name,index,site,url,warm_time,temperature
cores2,0,facebook,https___m.facebook.com_rihanna,1457,37.000000
cores2,1,facebook,https___m.facebook.com_rihanna,1573,39.000000
cores2,2,facebook,https___m.facebook.com_rihanna,1656,41.000000
cores2,3,facebook,https___m.facebook.com_rihanna,1506,41.000000
cores2,4,facebook,https___m.facebook.com_rihanna,1649,42.000000
cores2,5,facebook,https___m.facebook.com_rihanna,1412,43.000000
cores2,6,facebook,https___m.facebook.com_rihanna,1523,44.000000
cores2,7,facebook,https___m.facebook.com_rihanna,1524,43.000000
cores2,8,facebook,https___m.facebook.com_rihanna,1422,44.000000
cores2,9,facebook,https___m.facebook.com_rihanna,1571,44.000000
cores2,10,facebook,https___m.facebook.com_rihanna,1581,45.000000
cores2,11,facebook,https___m.facebook.com_rihanna,1617,45.000000
cores2,12,facebook,https___m.facebook.com_rihanna,1717,45.000000
cores2,13,facebook,https___m.facebook.com_rihanna,1553,46.000000
cores2,14,facebook,https___m.facebook.com_rihanna,1645,46.000000
cores2,15,facebook,https___m.facebook.com_rihanna,1649,46.000000
cores2,16,facebook,https___m.facebook.com_rihanna,1698,46.000000
cores2,17,facebook,https___m.facebook.com_rihanna,1557,46.000000
cores2,18,facebook,https___m.facebook.com_rihanna,1574,46.000000
cores2,19,facebook,https___m.facebook.com_rihanna,1656,46.000000
cores2,20,facebook,https___m.facebook.com_rihanna,1689,48.000000
cores2,21,facebook,https___m.facebook.com_rihanna,1445,48.000000
cores2,22,facebook,https___m.facebook.com_rihanna,1586,46.000000
cores2,23,facebook,https___m.facebook.com_rihanna,1711,46.000000
cores2,24,facebook,https___m.facebook.com_rihanna,1793,46.000000
cores2,25,facebook,https___m.facebook.com_rihanna,1590,48.000000
cores2,26,facebook,https___m.facebook.com_rihanna,1681,48.000000
cores2,27,facebook,https___m.facebook.com_rihanna,1756,48.000000
cores2,28,facebook,https___m.facebook.com_rihanna,1737,48.000000
cores2,0,amazon,http___www.amazon.com_gp_aw_s_?k_nexus,540,39.000000
cores2,1,amazon,http___www.amazon.com_gp_aw_s_?k_nexus,638,39.000000
cores2,2,amazon,http___www.amazon.com_gp_aw_s_?k_nexus,605,41.000000
cores2,3,amazon,http___www.amazon.com_gp_aw_s_?k_nexus,678,42.000000
cores2,4,amazon,http___www.amazon.com_gp_aw_s_?k_nexus,531,42.000000
cores2,5,amazon,http___www.amazon.com_gp_aw_s_?k_nexus,554,43.000000
cores2,6,amazon,http___www.amazon.com_gp_aw_s_?k_nexus,559,43.000000
cores2,7,amazon,http___www.amazon.com_gp_aw_s_?k_nexus,539,44.000000
cores2,8,amazon,http___www.amazon.com_gp_aw_s_?k_nexus,561,44.000000
cores2,9,amazon,http___www.amazon.com_gp_aw_s_?k_nexus,611,45.000000
cores2,10,amazon,http___www.amazon.com_gp_aw_s_?k_nexus,553,45.000000
cores2,11,amazon,http___www.amazon.com_gp_aw_s_?k_nexus,549,45.000000
cores2,12,amazon,http___www.amazon.com_gp_aw_s_?k_nexus,528,46.000000
cores2,13,amazon,http___www.amazon.com_gp_aw_s_?k_nexus,541,45.000000
cores2,14,amazon,http___www.amazon.com_gp_aw_s_?k_nexus,528,46.000000
cores2,15,amazon,http___www.amazon.com_gp_aw_s_?k_nexus,642,46.000000
cores2,16,amazon,http___www.amazon.com_gp_aw_s_?k_nexus,616,46.000000
cores2,17,amazon,http___www.amazon.com_gp_aw_s_?k_nexus,555,46.000000
cores2,18,amazon,http___www.amazon.com_gp_aw_s_?k_nexus,627,46.000000
cores2,19,amazon,http___www.amazon.com_gp_aw_s_?k_nexus,605,46.000000
cores2,20,amazon,http___www.amazon.com_gp_aw_s_?k_nexus,631,46.000000
cores2,21,amazon,http___www.amazon.com_gp_aw_s_?k_nexus,645,46.000000
cores2,22,amazon,http___www.amazon.com_gp_aw_s_?k_nexus,647,48.000000
cores2,23,amazon,http___www.amazon.com_gp_aw_s_?k_nexus,620,46.000000
cores2,24,amazon,http___www.amazon.com_gp_aw_s_?k_nexus,541,46.000000
cores2,25,amazon,http___www.amazon.com_gp_aw_s_?k_nexus,722,48.000000
cores2,26,amazon,http___www.amazon.com_gp_aw_s_?k_nexus,768,46.000000
cores2,27,amazon,http___www.amazon.com_gp_aw_s_?k_nexus,685,48.000000
cores2,28,amazon,http___www.amazon.com_gp_aw_s_?k_nexus,621,48.000000
cores2,0,youtube,http___m.youtube.com_results?q_science,1883,38.000000
cores2,1,youtube,http___m.youtube.com_results?q_science,1831,39.000000
cores2,2,youtube,http___m.youtube.com_results?q_science,1859,41.000000
cores2,3,youtube,http___m.youtube.com_results?q_science,1874,42.000000
cores2,4,youtube,http___m.youtube.com_results?q_science,1908,43.000000
cores2,5,youtube,http___m.youtube.com_results?q_science,1957,43.000000
cores2,6,youtube,http___m.youtube.com_results?q_science,1920,44.000000
cores2,7,youtube,http___m.youtube.com_results?q_science,1875,43.000000
cores2,8,youtube,http___m.youtube.com_results?q_science,1875,44.000000
cores2,9,youtube,http___m.youtube.com_results?q_science,1885,44.000000
cores2,10,youtube,http___m.youtube.com_results?q_science,1957,45.000000
cores2,11,youtube,http___m.youtube.com_results?q_science,1933,45.000000
cores2,12,youtube,http___m.youtube.com_results?q_science,1828,45.000000
cores2,13,youtube,http___m.youtube.com_results?q_science,1853,46.000000
cores2,14,youtube,http___m.youtube.com_results?q_science,1919,46.000000
cores2,15,youtube,http___m.youtube.com_results?q_science,1869,46.000000
cores2,16,youtube,http___m.youtube.com_results?q_science,1926,46.000000
cores2,17,youtube,http___m.youtube.com_results?q_science,1949,46.000000
cores2,18,youtube,http___m.youtube.com_results?q_science,1873,46.000000
cores2,19,youtube,http___m.youtube.com_results?q_science,1933,46.000000
cores2,20,youtube,http___m.youtube.com_results?q_science,1899,48.000000
cores2,21,youtube,http___m.youtube.com_results?q_science,1914,48.000000
cores2,22,youtube,http___m.youtube.com_results?q_science,1894,48.000000
cores2,23,youtube,http___m.youtube.com_results?q_science,1960,48.000000
cores2,24,youtube,http___m.youtube.com_results?q_science,1878,46.000000
cores2,25,youtube,http___m.youtube.com_results?q_science,1954,48.000000
cores2,26,youtube,http___m.youtube.com_results?q_science,1883,48.000000
cores2,27,youtube,http___m.youtube.com_results?q_science,1921,48.000000
cores2,28,youtube,http___m.youtube.com_results?q_science,1889,48.000000
cores2,0,yandex,http___yandex.ru_touchsearch?text_science,1782,39.000000
cores2,1,yandex,http___yandex.ru_touchsearch?text_science,1799,41.000000
cores2,2,yandex,http___yandex.ru_touchsearch?text_science,1614,42.000000
cores2,3,yandex,http___yandex.ru_touchsearch?text_science,1568,42.000000
cores2,4,yandex,http___yandex.ru_touchsearch?text_science,1639,43.000000
cores2,5,yandex,http___yandex.ru_touchsearch?text_science,1613,44.000000
cores2,6,yandex,http___yandex.ru_touchsearch?text_science,1597,44.000000
cores2,7,yandex,http___yandex.ru_touchsearch?text_science,1553,44.000000
cores2,8,yandex,http___yandex.ru_touchsearch?text_science,1766,45.000000
cores2,9,yandex,http___yandex.ru_touchsearch?text_science,1640,44.000000
cores2,10,yandex,http___yandex.ru_touchsearch?text_science,1634,45.000000
cores2,11,yandex,http___yandex.ru_touchsearch?text_science,1645,45.000000
cores2,12,yandex,http___yandex.ru_touchsearch?text_science,1601,46.000000
cores2,13,yandex,http___yandex.ru_touchsearch?text_science,1563,46.000000
cores2,14,yandex,http___yandex.ru_touchsearch?text_science,1565,46.000000
cores2,15,yandex,http___yandex.ru_touchsearch?text_science,1589,46.000000
cores2,16,yandex,http___yandex.ru_touchsearch?text_science,1615,46.000000
cores2,17,yandex,http___yandex.ru_touchsearch?text_science,1815,46.000000
cores2,18,yandex,http___yandex.ru_touchsearch?text_science,1641,46.000000
cores2,19,yandex,http___yandex.ru_touchsearch?text_science,1619,48.000000
cores2,20,yandex,http___yandex.ru_touchsearch?text_science,1779,46.000000
cores2,21,yandex,http___yandex.ru_touchsearch?text_science,1623,46.000000
cores2,22,yandex,http___yandex.ru_touchsearch?text_science,1636,46.000000
cores2,23,yandex,http___yandex.ru_touchsearch?text_science,1763,48.000000
cores2,24,yandex,http___yandex.ru_touchsearch?text_science,1613,48.000000
cores2,25,yandex,http___yandex.ru_touchsearch?text_science,1623,48.000000
cores2,26,yandex,http___yandex.ru_touchsearch?text_science,1561,48.000000
cores2,27,yandex,http___yandex.ru_touchsearch?text_science,1590,48.000000
cores2,28,yandex,http___yandex.ru_touchsearch?text_science,1560,48.000000
cores2,0,baidu,http___www.baidu.com_s?word_google,681,37.000000
cores2,1,baidu,http___www.baidu.com_s?word_google,665,39.000000
cores2,2,baidu,http___www.baidu.com_s?word_google,704,41.000000
cores2,3,baidu,http___www.baidu.com_s?word_google,675,42.000000
cores2,4,baidu,http___www.baidu.com_s?word_google,677,42.000000
cores2,5,baidu,http___www.baidu.com_s?word_google,686,43.000000
cores2,6,baidu,http___www.baidu.com_s?word_google,665,43.000000
cores2,7,baidu,http___www.baidu.com_s?word_google,679,44.000000
cores2,8,baidu,http___www.baidu.com_s?word_google,682,44.000000
cores2,9,baidu,http___www.baidu.com_s?word_google,725,45.000000
cores2,10,baidu,http___www.baidu.com_s?word_google,679,45.000000
cores2,11,baidu,http___www.baidu.com_s?word_google,759,45.000000
cores2,12,baidu,http___www.baidu.com_s?word_google,667,46.000000
cores2,13,baidu,http___www.baidu.com_s?word_google,674,46.000000
cores2,14,baidu,http___www.baidu.com_s?word_google,692,46.000000
cores2,15,baidu,http___www.baidu.com_s?word_google,673,46.000000
cores2,16,baidu,http___www.baidu.com_s?word_google,673,46.000000
cores2,17,baidu,http___www.baidu.com_s?word_google,674,46.000000
cores2,18,baidu,http___www.baidu.com_s?word_google,677,46.000000
cores2,19,baidu,http___www.baidu.com_s?word_google,679,46.000000
cores2,20,baidu,http___www.baidu.com_s?word_google,687,48.000000
cores2,21,baidu,http___www.baidu.com_s?word_google,692,46.000000
cores2,22,baidu,http___www.baidu.com_s?word_google,814,48.000000
cores2,23,baidu,http___www.baidu.com_s?word_google,725,46.000000
cores2,24,baidu,http___www.baidu.com_s?word_google,740,48.000000
cores2,25,baidu,http___www.baidu.com_s?word_google,673,48.000000
cores2,26,baidu,http___www.baidu.com_s?word_google,705,46.000000
cores2,27,baidu,http___www.baidu.com_s?word_google,681,48.000000
cores2,28,baidu,http___www.baidu.com_s?word_google,696,48.000000
cores2,0,taobao,http___m.taobao.com_channel_act_mobile_20131111-women.html,718,39.000000
cores2,1,taobao,http___m.taobao.com_channel_act_mobile_20131111-women.html,705,39.000000
cores2,2,taobao,http___m.taobao.com_channel_act_mobile_20131111-women.html,709,41.000000
cores2,3,taobao,http___m.taobao.com_channel_act_mobile_20131111-women.html,728,42.000000
cores2,4,taobao,http___m.taobao.com_channel_act_mobile_20131111-women.html,749,42.000000
cores2,5,taobao,http___m.taobao.com_channel_act_mobile_20131111-women.html,727,43.000000
cores2,6,taobao,http___m.taobao.com_channel_act_mobile_20131111-women.html,776,44.000000
cores2,7,taobao,http___m.taobao.com_channel_act_mobile_20131111-women.html,674,43.000000
cores2,8,taobao,http___m.taobao.com_channel_act_mobile_20131111-women.html,726,45.000000
cores2,9,taobao,http___m.taobao.com_channel_act_mobile_20131111-women.html,699,45.000000
cores2,10,taobao,http___m.taobao.com_channel_act_mobile_20131111-women.html,715,45.000000
cores2,11,taobao,http___m.taobao.com_channel_act_mobile_20131111-women.html,739,45.000000
cores2,12,taobao,http___m.taobao.com_channel_act_mobile_20131111-women.html,653,45.000000
cores2,13,taobao,http___m.taobao.com_channel_act_mobile_20131111-women.html,740,46.000000
cores2,14,taobao,http___m.taobao.com_channel_act_mobile_20131111-women.html,749,45.000000
cores2,15,taobao,http___m.taobao.com_channel_act_mobile_20131111-women.html,710,45.000000
cores2,16,taobao,http___m.taobao.com_channel_act_mobile_20131111-women.html,719,46.000000
cores2,17,taobao,http___m.taobao.com_channel_act_mobile_20131111-women.html,728,46.000000
cores2,18,taobao,http___m.taobao.com_channel_act_mobile_20131111-women.html,742,45.000000
cores2,19,taobao,http___m.taobao.com_channel_act_mobile_20131111-women.html,715,46.000000
cores2,20,taobao,http___m.taobao.com_channel_act_mobile_20131111-women.html,748,46.000000
cores2,21,taobao,http___m.taobao.com_channel_act_mobile_20131111-women.html,745,46.000000
cores2,22,taobao,http___m.taobao.com_channel_act_mobile_20131111-women.html,693,48.000000
cores2,23,taobao,http___m.taobao.com_channel_act_mobile_20131111-women.html,704,46.000000
cores2,24,taobao,http___m.taobao.com_channel_act_mobile_20131111-women.html,698,48.000000
cores2,25,taobao,http___m.taobao.com_channel_act_mobile_20131111-women.html,729,46.000000
cores2,26,taobao,http___m.taobao.com_channel_act_mobile_20131111-women.html,703,46.000000
cores2,27,taobao,http___m.taobao.com_channel_act_mobile_20131111-women.html,691,48.000000
cores2,28,taobao,http___m.taobao.com_channel_act_mobile_20131111-women.html,683,48.000000
cores2,0,yahoo,http___search.yahoo.com_search;_ylt_?p_google,768,38.000000
cores2,1,yahoo,http___search.yahoo.com_search;_ylt_?p_google,782,39.000000
cores2,2,yahoo,http___search.yahoo.com_search;_ylt_?p_google,708,41.000000
cores2,3,yahoo,http___search.yahoo.com_search;_ylt_?p_google,762,42.000000
cores2,4,yahoo,http___search.yahoo.com_search;_ylt_?p_google,723,43.000000
cores2,5,yahoo,http___search.yahoo.com_search;_ylt_?p_google,707,43.000000
cores2,6,yahoo,http___search.yahoo.com_search;_ylt_?p_google,791,44.000000
cores2,7,yahoo,http___search.yahoo.com_search;_ylt_?p_google,703,44.000000
cores2,8,yahoo,http___search.yahoo.com_search;_ylt_?p_google,723,43.000000
cores2,9,yahoo,http___search.yahoo.com_search;_ylt_?p_google,880,45.000000
cores2,10,yahoo,http___search.yahoo.com_search;_ylt_?p_google,936,45.000000
cores2,11,yahoo,http___search.yahoo.com_search;_ylt_?p_google,713,45.000000
cores2,12,yahoo,http___search.yahoo.com_search;_ylt_?p_google,717,45.000000
cores2,13,yahoo,http___search.yahoo.com_search;_ylt_?p_google,774,45.000000
cores2,14,yahoo,http___search.yahoo.com_search;_ylt_?p_google,701,46.000000
cores2,15,yahoo,http___search.yahoo.com_search;_ylt_?p_google,776,46.000000
cores2,16,yahoo,http___search.yahoo.com_search;_ylt_?p_google,775,45.000000
cores2,17,yahoo,http___search.yahoo.com_search;_ylt_?p_google,770,46.000000
cores2,18,yahoo,http___search.yahoo.com_search;_ylt_?p_google,906,46.000000
cores2,19,yahoo,http___search.yahoo.com_search;_ylt_?p_google,699,46.000000
cores2,20,yahoo,http___search.yahoo.com_search;_ylt_?p_google,763,48.000000
cores2,21,yahoo,http___search.yahoo.com_search;_ylt_?p_google,784,46.000000
cores2,22,yahoo,http___search.yahoo.com_search;_ylt_?p_google,868,48.000000
cores2,23,yahoo,http___search.yahoo.com_search;_ylt_?p_google,712,46.000000
cores2,24,yahoo,http___search.yahoo.com_search;_ylt_?p_google,703,46.000000
cores2,25,yahoo,http___search.yahoo.com_search;_ylt_?p_google,729,48.000000
cores2,26,yahoo,http___search.yahoo.com_search;_ylt_?p_google,786,48.000000
cores2,27,yahoo,http___search.yahoo.com_search;_ylt_?p_google,709,48.000000
cores2,28,yahoo,http___search.yahoo.com_search;_ylt_?p_google,787,48.000000
cores2,0,google,https___www.google.com__hl_en_q_science,2070,37.000000
cores2,1,google,https___www.google.com__hl_en_q_science,1990,39.000000
cores2,2,google,https___www.google.com__hl_en_q_science,1959,41.000000
cores2,3,google,https___www.google.com__hl_en_q_science,1966,41.000000
cores2,4,google,https___www.google.com__hl_en_q_science,2071,43.000000
cores2,5,google,https___www.google.com__hl_en_q_science,1988,43.000000
cores2,6,google,https___www.google.com__hl_en_q_science,1939,43.000000
cores2,7,google,https___www.google.com__hl_en_q_science,2023,44.000000
cores2,8,google,https___www.google.com__hl_en_q_science,1991,44.000000
cores2,9,google,https___www.google.com__hl_en_q_science,1979,44.000000
cores2,10,google,https___www.google.com__hl_en_q_science,2008,44.000000
cores2,11,google,https___www.google.com__hl_en_q_science,1978,45.000000
cores2,12,google,https___www.google.com__hl_en_q_science,2048,45.000000
cores2,13,google,https___www.google.com__hl_en_q_science,1941,46.000000
cores2,14,google,https___www.google.com__hl_en_q_science,2037,46.000000
cores2,15,google,https___www.google.com__hl_en_q_science,2021,45.000000
cores2,16,google,https___www.google.com__hl_en_q_science,1990,46.000000
cores2,17,google,https___www.google.com__hl_en_q_science,2016,46.000000
cores2,18,google,https___www.google.com__hl_en_q_science,2007,46.000000
cores2,19,google,https___www.google.com__hl_en_q_science,2046,46.000000
cores2,20,google,https___www.google.com__hl_en_q_science,2036,48.000000
cores2,21,google,https___www.google.com__hl_en_q_science,1942,46.000000
cores2,22,google,https___www.google.com__hl_en_q_science,1971,48.000000
cores2,23,google,https___www.google.com__hl_en_q_science,2001,46.000000
cores2,24,google,https___www.google.com__hl_en_q_science,1968,48.000000
cores2,25,google,https___www.google.com__hl_en_q_science,2071,48.000000
cores2,26,google,https___www.google.com__hl_en_q_science,1946,48.000000
cores2,27,google,https___www.google.com__hl_en_q_science,1944,48.000000
cores2,28,google,https___www.google.com__hl_en_q_science,2037,48.000000
cores2,0,wikipedia,http___en.m.wikipedia.org_wiki_Science,2793,38.000000
cores2,1,wikipedia,http___en.m.wikipedia.org_wiki_Science,2747,41.000000
cores2,2,wikipedia,http___en.m.wikipedia.org_wiki_Science,2712,41.000000
cores2,3,wikipedia,http___en.m.wikipedia.org_wiki_Science,2713,42.000000
cores2,4,wikipedia,http___en.m.wikipedia.org_wiki_Science,2827,42.000000
cores2,5,wikipedia,http___en.m.wikipedia.org_wiki_Science,2676,43.000000
cores2,6,wikipedia,http___en.m.wikipedia.org_wiki_Science,2798,44.000000
cores2,7,wikipedia,http___en.m.wikipedia.org_wiki_Science,2791,43.000000
cores2,8,wikipedia,http___en.m.wikipedia.org_wiki_Science,2810,45.000000
cores2,9,wikipedia,http___en.m.wikipedia.org_wiki_Science,2837,45.000000
cores2,10,wikipedia,http___en.m.wikipedia.org_wiki_Science,2890,45.000000
cores2,11,wikipedia,http___en.m.wikipedia.org_wiki_Science,2618,45.000000
cores2,12,wikipedia,http___en.m.wikipedia.org_wiki_Science,2755,46.000000
cores2,13,wikipedia,http___en.m.wikipedia.org_wiki_Science,2748,46.000000
cores2,14,wikipedia,http___en.m.wikipedia.org_wiki_Science,2623,46.000000
cores2,15,wikipedia,http___en.m.wikipedia.org_wiki_Science,2764,45.000000
cores2,16,wikipedia,http___en.m.wikipedia.org_wiki_Science,2744,46.000000
cores2,17,wikipedia,http___en.m.wikipedia.org_wiki_Science,2685,46.000000
cores2,18,wikipedia,http___en.m.wikipedia.org_wiki_Science,2722,46.000000
cores2,19,wikipedia,http___en.m.wikipedia.org_wiki_Science,2752,48.000000
cores2,20,wikipedia,http___en.m.wikipedia.org_wiki_Science,2910,48.000000
cores2,21,wikipedia,http___en.m.wikipedia.org_wiki_Science,2776,48.000000
cores2,22,wikipedia,http___en.m.wikipedia.org_wiki_Science,2748,46.000000
cores2,23,wikipedia,http___en.m.wikipedia.org_wiki_Science,2687,48.000000
cores2,24,wikipedia,http___en.m.wikipedia.org_wiki_Science,2721,48.000000
cores2,25,wikipedia,http___en.m.wikipedia.org_wiki_Science,2779,48.000000
cores2,26,wikipedia,http___en.m.wikipedia.org_wiki_Science,2814,48.000000
cores2,27,wikipedia,http___en.m.wikipedia.org_wiki_Science,2846,46.000000
cores2,28,wikipedia,http___en.m.wikipedia.org_wiki_Science,2691,48.000000
cores2,0,twitter,https___mobile.twitter.com_justinbieber?skip_interstitial_true,866,39.000000
cores2,1,twitter,https___mobile.twitter.com_justinbieber?skip_interstitial_true,841,39.000000
cores2,2,twitter,https___mobile.twitter.com_justinbieber?skip_interstitial_true,855,41.000000
cores2,3,twitter,https___mobile.twitter.com_justinbieber?skip_interstitial_true,839,42.000000
cores2,4,twitter,https___mobile.twitter.com_justinbieber?skip_interstitial_true,811,42.000000
cores2,5,twitter,https___mobile.twitter.com_justinbieber?skip_interstitial_true,833,43.000000
cores2,6,twitter,https___mobile.twitter.com_justinbieber?skip_interstitial_true,846,43.000000
cores2,7,twitter,https___mobile.twitter.com_justinbieber?skip_interstitial_true,867,44.000000
cores2,8,twitter,https___mobile.twitter.com_justinbieber?skip_interstitial_true,809,44.000000
cores2,9,twitter,https___mobile.twitter.com_justinbieber?skip_interstitial_true,860,44.000000
cores2,10,twitter,https___mobile.twitter.com_justinbieber?skip_interstitial_true,850,44.000000
cores2,11,twitter,https___mobile.twitter.com_justinbieber?skip_interstitial_true,842,45.000000
cores2,12,twitter,https___mobile.twitter.com_justinbieber?skip_interstitial_true,818,46.000000
cores2,13,twitter,https___mobile.twitter.com_justinbieber?skip_interstitial_true,809,46.000000
cores2,14,twitter,https___mobile.twitter.com_justinbieber?skip_interstitial_true,835,46.000000
cores2,15,twitter,https___mobile.twitter.com_justinbieber?skip_interstitial_true,875,46.000000
cores2,16,twitter,https___mobile.twitter.com_justinbieber?skip_interstitial_true,858,46.000000
cores2,17,twitter,https___mobile.twitter.com_justinbieber?skip_interstitial_true,848,46.000000
cores2,18,twitter,https___mobile.twitter.com_justinbieber?skip_interstitial_true,811,46.000000
cores2,19,twitter,https___mobile.twitter.com_justinbieber?skip_interstitial_true,830,46.000000
cores2,20,twitter,https___mobile.twitter.com_justinbieber?skip_interstitial_true,820,48.000000
cores2,21,twitter,https___mobile.twitter.com_justinbieber?skip_interstitial_true,846,46.000000
cores2,22,twitter,https___mobile.twitter.com_justinbieber?skip_interstitial_true,847,46.000000
cores2,23,twitter,https___mobile.twitter.com_justinbieber?skip_interstitial_true,839,48.000000
cores2,24,twitter,https___mobile.twitter.com_justinbieber?skip_interstitial_true,832,48.000000
cores2,25,twitter,https___mobile.twitter.com_justinbieber?skip_interstitial_true,842,46.000000
cores2,26,twitter,https___mobile.twitter.com_justinbieber?skip_interstitial_true,830,46.000000
cores2,27,twitter,https___mobile.twitter.com_justinbieber?skip_interstitial_true,821,48.000000
cores2,28,twitter,https___mobile.twitter.com_justinbieber?skip_interstitial_true,835,48.000000
original,0,facebook,https___m.facebook.com_rihanna,1132,39.000000
original,1,facebook,https___m.facebook.com_rihanna,1119,41.000000
original,2,facebook,https___m.facebook.com_rihanna,1238,42.000000
original,3,facebook,https___m.facebook.com_rihanna,1167,43.000000
original,4,facebook,https___m.facebook.com_rihanna,1132,43.000000
original,5,facebook,https___m.facebook.com_rihanna,1181,43.000000
original,6,facebook,https___m.facebook.com_rihanna,1234,44.000000
original,7,facebook,https___m.facebook.com_rihanna,1166,45.000000
original,8,facebook,https___m.facebook.com_rihanna,1146,45.000000
original,9,facebook,https___m.facebook.com_rihanna,1189,45.000000
original,10,facebook,https___m.facebook.com_rihanna,1134,45.000000
original,11,facebook,https___m.facebook.com_rihanna,1153,45.000000
original,12,facebook,https___m.facebook.com_rihanna,1211,45.000000
original,13,facebook,https___m.facebook.com_rihanna,1134,46.000000
original,14,facebook,https___m.facebook.com_rihanna,1120,46.000000
original,15,facebook,https___m.facebook.com_rihanna,1201,46.000000
original,16,facebook,https___m.facebook.com_rihanna,1123,48.000000
original,17,facebook,https___m.facebook.com_rihanna,1256,48.000000
original,18,facebook,https___m.facebook.com_rihanna,1148,48.000000
original,19,facebook,https___m.facebook.com_rihanna,1201,48.000000
original,20,facebook,https___m.facebook.com_rihanna,1166,48.000000
original,21,facebook,https___m.facebook.com_rihanna,1152,49.000000
original,22,facebook,https___m.facebook.com_rihanna,1141,48.000000
original,23,facebook,https___m.facebook.com_rihanna,1192,49.000000
original,24,facebook,https___m.facebook.com_rihanna,1196,49.000000
original,25,facebook,https___m.facebook.com_rihanna,1146,49.000000
original,26,facebook,https___m.facebook.com_rihanna,1180,49.000000
original,27,facebook,https___m.facebook.com_rihanna,1192,49.000000
original,28,facebook,https___m.facebook.com_rihanna,1170,49.000000
original,0,amazon,http___www.amazon.com_gp_aw_s_?k_nexus,751,39.000000
original,1,amazon,http___www.amazon.com_gp_aw_s_?k_nexus,561,41.000000
original,2,amazon,http___www.amazon.com_gp_aw_s_?k_nexus,569,41.000000
original,3,amazon,http___www.amazon.com_gp_aw_s_?k_nexus,507,42.000000
original,4,amazon,http___www.amazon.com_gp_aw_s_?k_nexus,676,43.000000
original,5,amazon,http___www.amazon.com_gp_aw_s_?k_nexus,631,43.000000
original,6,amazon,http___www.amazon.com_gp_aw_s_?k_nexus,642,44.000000
original,7,amazon,http___www.amazon.com_gp_aw_s_?k_nexus,544,44.000000
original,8,amazon,http___www.amazon.com_gp_aw_s_?k_nexus,614,45.000000
original,9,amazon,http___www.amazon.com_gp_aw_s_?k_nexus,647,45.000000
original,10,amazon,http___www.amazon.com_gp_aw_s_?k_nexus,691,45.000000
original,11,amazon,http___www.amazon.com_gp_aw_s_?k_nexus,620,45.000000
original,12,amazon,http___www.amazon.com_gp_aw_s_?k_nexus,668,46.000000
original,13,amazon,http___www.amazon.com_gp_aw_s_?k_nexus,531,46.000000
original,14,amazon,http___www.amazon.com_gp_aw_s_?k_nexus,590,46.000000
original,15,amazon,http___www.amazon.com_gp_aw_s_?k_nexus,544,46.000000
original,16,amazon,http___www.amazon.com_gp_aw_s_?k_nexus,574,48.000000
original,17,amazon,http___www.amazon.com_gp_aw_s_?k_nexus,672,48.000000
original,18,amazon,http___www.amazon.com_gp_aw_s_?k_nexus,528,48.000000
original,19,amazon,http___www.amazon.com_gp_aw_s_?k_nexus,569,48.000000
original,20,amazon,http___www.amazon.com_gp_aw_s_?k_nexus,533,48.000000
original,21,amazon,http___www.amazon.com_gp_aw_s_?k_nexus,567,48.000000
original,22,amazon,http___www.amazon.com_gp_aw_s_?k_nexus,565,48.000000
original,23,amazon,http___www.amazon.com_gp_aw_s_?k_nexus,591,49.000000
original,24,amazon,http___www.amazon.com_gp_aw_s_?k_nexus,660,48.000000
original,25,amazon,http___www.amazon.com_gp_aw_s_?k_nexus,531,48.000000
original,26,amazon,http___www.amazon.com_gp_aw_s_?k_nexus,648,49.000000
original,27,amazon,http___www.amazon.com_gp_aw_s_?k_nexus,641,49.000000
original,28,amazon,http___www.amazon.com_gp_aw_s_?k_nexus,565,49.000000
original,0,youtube,http___m.youtube.com_results?q_science,1737,38.000000
original,1,youtube,http___m.youtube.com_results?q_science,1700,41.000000
original,2,youtube,http___m.youtube.com_results?q_science,1792,41.000000
original,3,youtube,http___m.youtube.com_results?q_science,1738,43.000000
original,4,youtube,http___m.youtube.com_results?q_science,1703,43.000000
original,5,youtube,http___m.youtube.com_results?q_science,1707,43.000000
original,6,youtube,http___m.youtube.com_results?q_science,1731,43.000000
original,7,youtube,http___m.youtube.com_results?q_science,1707,44.000000
original,8,youtube,http___m.youtube.com_results?q_science,1729,44.000000
original,9,youtube,http___m.youtube.com_results?q_science,1764,44.000000
original,10,youtube,http___m.youtube.com_results?q_science,1769,45.000000
original,11,youtube,http___m.youtube.com_results?q_science,1723,45.000000
original,12,youtube,http___m.youtube.com_results?q_science,1730,45.000000
original,13,youtube,http___m.youtube.com_results?q_science,1722,46.000000
original,14,youtube,http___m.youtube.com_results?q_science,1733,46.000000
original,15,youtube,http___m.youtube.com_results?q_science,1677,48.000000
original,16,youtube,http___m.youtube.com_results?q_science,1765,46.000000
original,17,youtube,http___m.youtube.com_results?q_science,1713,48.000000
original,18,youtube,http___m.youtube.com_results?q_science,1702,48.000000
original,19,youtube,http___m.youtube.com_results?q_science,1740,48.000000
original,20,youtube,http___m.youtube.com_results?q_science,1707,48.000000
original,21,youtube,http___m.youtube.com_results?q_science,1749,48.000000
original,22,youtube,http___m.youtube.com_results?q_science,1714,49.000000
original,23,youtube,http___m.youtube.com_results?q_science,1711,48.000000
original,24,youtube,http___m.youtube.com_results?q_science,1692,48.000000
original,25,youtube,http___m.youtube.com_results?q_science,1658,48.000000
original,26,youtube,http___m.youtube.com_results?q_science,1699,49.000000
original,27,youtube,http___m.youtube.com_results?q_science,1780,49.000000
original,28,youtube,http___m.youtube.com_results?q_science,1727,48.000000
original,0,yandex,http___yandex.ru_touchsearch?text_science,1562,39.000000
original,1,yandex,http___yandex.ru_touchsearch?text_science,1566,41.000000
original,2,yandex,http___yandex.ru_touchsearch?text_science,1531,42.000000
original,3,yandex,http___yandex.ru_touchsearch?text_science,1549,43.000000
original,4,yandex,http___yandex.ru_touchsearch?text_science,1554,43.000000
original,5,yandex,http___yandex.ru_touchsearch?text_science,1710,44.000000
original,6,yandex,http___yandex.ru_touchsearch?text_science,1726,44.000000
original,7,yandex,http___yandex.ru_touchsearch?text_science,1519,44.000000
original,8,yandex,http___yandex.ru_touchsearch?text_science,1526,45.000000
original,9,yandex,http___yandex.ru_touchsearch?text_science,1608,45.000000
original,10,yandex,http___yandex.ru_touchsearch?text_science,1518,45.000000
original,11,yandex,http___yandex.ru_touchsearch?text_science,1648,46.000000
original,12,yandex,http___yandex.ru_touchsearch?text_science,1583,46.000000
original,13,yandex,http___yandex.ru_touchsearch?text_science,1537,46.000000
original,14,yandex,http___yandex.ru_touchsearch?text_science,1653,46.000000
original,15,yandex,http___yandex.ru_touchsearch?text_science,1512,48.000000
original,16,yandex,http___yandex.ru_touchsearch?text_science,1520,48.000000
original,17,yandex,http___yandex.ru_touchsearch?text_science,1478,48.000000
original,18,yandex,http___yandex.ru_touchsearch?text_science,1585,48.000000
original,19,yandex,http___yandex.ru_touchsearch?text_science,1624,48.000000
original,20,yandex,http___yandex.ru_touchsearch?text_science,1560,48.000000
original,21,yandex,http___yandex.ru_touchsearch?text_science,1618,48.000000
original,22,yandex,http___yandex.ru_touchsearch?text_science,1615,49.000000
original,23,yandex,http___yandex.ru_touchsearch?text_science,1590,48.000000
original,24,yandex,http___yandex.ru_touchsearch?text_science,1583,49.000000
original,25,yandex,http___yandex.ru_touchsearch?text_science,1630,49.000000
original,26,yandex,http___yandex.ru_touchsearch?text_science,1492,48.000000
original,27,yandex,http___yandex.ru_touchsearch?text_science,1568,49.000000
original,28,yandex,http___yandex.ru_touchsearch?text_science,1617,49.000000
original,0,baidu,http___www.baidu.com_s?word_google,654,39.000000
original,1,baidu,http___www.baidu.com_s?word_google,636,39.000000
original,2,baidu,http___www.baidu.com_s?word_google,635,42.000000
original,3,baidu,http___www.baidu.com_s?word_google,638,42.000000
original,4,baidu,http___www.baidu.com_s?word_google,614,43.000000
original,5,baidu,http___www.baidu.com_s?word_google,644,43.000000
original,6,baidu,http___www.baidu.com_s?word_google,637,44.000000
original,7,baidu,http___www.baidu.com_s?word_google,613,44.000000
original,8,baidu,http___www.baidu.com_s?word_google,644,45.000000
original,9,baidu,http___www.baidu.com_s?word_google,664,44.000000
original,10,baidu,http___www.baidu.com_s?word_google,644,45.000000
original,11,baidu,http___www.baidu.com_s?word_google,677,45.000000
original,12,baidu,http___www.baidu.com_s?word_google,649,46.000000
original,13,baidu,http___www.baidu.com_s?word_google,641,46.000000
original,14,baidu,http___www.baidu.com_s?word_google,623,46.000000
original,15,baidu,http___www.baidu.com_s?word_google,653,48.000000
original,16,baidu,http___www.baidu.com_s?word_google,639,48.000000
original,17,baidu,http___www.baidu.com_s?word_google,617,46.000000
original,18,baidu,http___www.baidu.com_s?word_google,624,48.000000
original,19,baidu,http___www.baidu.com_s?word_google,647,48.000000
original,20,baidu,http___www.baidu.com_s?word_google,605,48.000000
original,21,baidu,http___www.baidu.com_s?word_google,657,48.000000
original,22,baidu,http___www.baidu.com_s?word_google,637,48.000000
original,23,baidu,http___www.baidu.com_s?word_google,627,48.000000
original,24,baidu,http___www.baidu.com_s?word_google,746,49.000000
original,25,baidu,http___www.baidu.com_s?word_google,671,49.000000
original,26,baidu,http___www.baidu.com_s?word_google,638,48.000000
original,27,baidu,http___www.baidu.com_s?word_google,636,49.000000
original,28,baidu,http___www.baidu.com_s?word_google,652,49.000000
original,0,taobao,http___m.taobao.com_channel_act_mobile_20131111-women.html,655,39.000000
original,1,taobao,http___m.taobao.com_channel_act_mobile_20131111-women.html,645,41.000000
original,2,taobao,http___m.taobao.com_channel_act_mobile_20131111-women.html,602,42.000000
original,3,taobao,http___m.taobao.com_channel_act_mobile_20131111-women.html,634,43.000000
original,4,taobao,http___m.taobao.com_channel_act_mobile_20131111-women.html,618,43.000000
original,5,taobao,http___m.taobao.com_channel_act_mobile_20131111-women.html,600,44.000000
original,6,taobao,http___m.taobao.com_channel_act_mobile_20131111-women.html,666,44.000000
original,7,taobao,http___m.taobao.com_channel_act_mobile_20131111-women.html,625,44.000000
original,8,taobao,http___m.taobao.com_channel_act_mobile_20131111-women.html,615,44.000000
original,9,taobao,http___m.taobao.com_channel_act_mobile_20131111-women.html,642,44.000000
original,10,taobao,http___m.taobao.com_channel_act_mobile_20131111-women.html,637,45.000000
original,11,taobao,http___m.taobao.com_channel_act_mobile_20131111-women.html,587,45.000000
original,12,taobao,http___m.taobao.com_channel_act_mobile_20131111-women.html,637,46.000000
original,13,taobao,http___m.taobao.com_channel_act_mobile_20131111-women.html,621,46.000000
original,14,taobao,http___m.taobao.com_channel_act_mobile_20131111-women.html,624,46.000000
original,15,taobao,http___m.taobao.com_channel_act_mobile_20131111-women.html,578,48.000000
original,16,taobao,http___m.taobao.com_channel_act_mobile_20131111-women.html,707,48.000000
original,17,taobao,http___m.taobao.com_channel_act_mobile_20131111-women.html,600,46.000000
original,18,taobao,http___m.taobao.com_channel_act_mobile_20131111-women.html,641,48.000000
original,19,taobao,http___m.taobao.com_channel_act_mobile_20131111-women.html,634,48.000000
original,20,taobao,http___m.taobao.com_channel_act_mobile_20131111-women.html,604,46.000000
original,21,taobao,http___m.taobao.com_channel_act_mobile_20131111-women.html,612,49.000000
original,22,taobao,http___m.taobao.com_channel_act_mobile_20131111-women.html,660,48.000000
original,23,taobao,http___m.taobao.com_channel_act_mobile_20131111-women.html,618,48.000000
original,24,taobao,http___m.taobao.com_channel_act_mobile_20131111-women.html,584,48.000000
original,25,taobao,http___m.taobao.com_channel_act_mobile_20131111-women.html,640,48.000000
original,26,taobao,http___m.taobao.com_channel_act_mobile_20131111-women.html,571,48.000000
original,27,taobao,http___m.taobao.com_channel_act_mobile_20131111-women.html,599,49.000000
original,28,taobao,http___m.taobao.com_channel_act_mobile_20131111-women.html,627,49.000000
original,0,yahoo,http___search.yahoo.com_search;_ylt_?p_google,710,38.000000
original,1,yahoo,http___search.yahoo.com_search;_ylt_?p_google,720,41.000000
original,2,yahoo,http___search.yahoo.com_search;_ylt_?p_google,690,41.000000
original,3,yahoo,http___search.yahoo.com_search;_ylt_?p_google,729,42.000000
original,4,yahoo,http___search.yahoo.com_search;_ylt_?p_google,781,42.000000
original,5,yahoo,http___search.yahoo.com_search;_ylt_?p_google,706,43.000000
original,6,yahoo,http___search.yahoo.com_search;_ylt_?p_google,666,44.000000
original,7,yahoo,http___search.yahoo.com_search;_ylt_?p_google,724,44.000000
original,8,yahoo,http___search.yahoo.com_search;_ylt_?p_google,765,44.000000
original,9,yahoo,http___search.yahoo.com_search;_ylt_?p_google,717,45.000000
original,10,yahoo,http___search.yahoo.com_search;_ylt_?p_google,713,45.000000
original,11,yahoo,http___search.yahoo.com_search;_ylt_?p_google,712,45.000000
original,12,yahoo,http___search.yahoo.com_search;_ylt_?p_google,714,46.000000
original,13,yahoo,http___search.yahoo.com_search;_ylt_?p_google,705,46.000000
original,14,yahoo,http___search.yahoo.com_search;_ylt_?p_google,677,46.000000
original,15,yahoo,http___search.yahoo.com_search;_ylt_?p_google,720,48.000000
original,16,yahoo,http___search.yahoo.com_search;_ylt_?p_google,684,48.000000
original,17,yahoo,http___search.yahoo.com_search;_ylt_?p_google,724,48.000000
original,18,yahoo,http___search.yahoo.com_search;_ylt_?p_google,794,46.000000
original,19,yahoo,http___search.yahoo.com_search;_ylt_?p_google,678,48.000000
original,20,yahoo,http___search.yahoo.com_search;_ylt_?p_google,687,46.000000
original,21,yahoo,http___search.yahoo.com_search;_ylt_?p_google,699,48.000000
original,22,yahoo,http___search.yahoo.com_search;_ylt_?p_google,778,49.000000
original,23,yahoo,http___search.yahoo.com_search;_ylt_?p_google,702,49.000000
original,24,yahoo,http___search.yahoo.com_search;_ylt_?p_google,671,49.000000
original,25,yahoo,http___search.yahoo.com_search;_ylt_?p_google,685,49.000000
original,26,yahoo,http___search.yahoo.com_search;_ylt_?p_google,679,49.000000
original,27,yahoo,http___search.yahoo.com_search;_ylt_?p_google,689,49.000000
original,28,yahoo,http___search.yahoo.com_search;_ylt_?p_google,707,49.000000
original,0,google,https___www.google.com__hl_en_q_science,1650,38.000000
original,1,google,https___www.google.com__hl_en_q_science,1655,39.000000
original,2,google,https___www.google.com__hl_en_q_science,1605,42.000000
original,3,google,https___www.google.com__hl_en_q_science,1583,42.000000
original,4,google,https___www.google.com__hl_en_q_science,1614,43.000000
original,5,google,https___www.google.com__hl_en_q_science,1659,43.000000
original,6,google,https___www.google.com__hl_en_q_science,1659,44.000000
original,7,google,https___www.google.com__hl_en_q_science,1596,44.000000
original,8,google,https___www.google.com__hl_en_q_science,1650,44.000000
original,9,google,https___www.google.com__hl_en_q_science,1664,44.000000
original,10,google,https___www.google.com__hl_en_q_science,1679,45.000000
original,11,google,https___www.google.com__hl_en_q_science,1679,45.000000
original,12,google,https___www.google.com__hl_en_q_science,1621,45.000000
original,13,google,https___www.google.com__hl_en_q_science,1662,46.000000
original,14,google,https___www.google.com__hl_en_q_science,1618,46.000000
original,15,google,https___www.google.com__hl_en_q_science,1641,46.000000
original,16,google,https___www.google.com__hl_en_q_science,1618,48.000000
original,17,google,https___www.google.com__hl_en_q_science,1621,48.000000
original,18,google,https___www.google.com__hl_en_q_science,1640,48.000000
original,19,google,https___www.google.com__hl_en_q_science,1685,48.000000
original,20,google,https___www.google.com__hl_en_q_science,1629,48.000000
original,21,google,https___www.google.com__hl_en_q_science,1614,48.000000
original,22,google,https___www.google.com__hl_en_q_science,1690,48.000000
original,23,google,https___www.google.com__hl_en_q_science,1658,49.000000
original,24,google,https___www.google.com__hl_en_q_science,1737,49.000000
original,25,google,https___www.google.com__hl_en_q_science,1750,48.000000
original,26,google,https___www.google.com__hl_en_q_science,1645,49.000000
original,27,google,https___www.google.com__hl_en_q_science,1662,49.000000
original,28,google,https___www.google.com__hl_en_q_science,1663,49.000000
original,0,wikipedia,http___en.m.wikipedia.org_wiki_Science,2413,39.000000
original,1,wikipedia,http___en.m.wikipedia.org_wiki_Science,2472,42.000000
original,2,wikipedia,http___en.m.wikipedia.org_wiki_Science,2443,42.000000
original,3,wikipedia,http___en.m.wikipedia.org_wiki_Science,2368,43.000000
original,4,wikipedia,http___en.m.wikipedia.org_wiki_Science,2486,43.000000
original,5,wikipedia,http___en.m.wikipedia.org_wiki_Science,2427,44.000000
original,6,wikipedia,http___en.m.wikipedia.org_wiki_Science,2444,44.000000
original,7,wikipedia,http___en.m.wikipedia.org_wiki_Science,2408,45.000000
original,8,wikipedia,http___en.m.wikipedia.org_wiki_Science,2448,44.000000
original,9,wikipedia,http___en.m.wikipedia.org_wiki_Science,2429,45.000000
original,10,wikipedia,http___en.m.wikipedia.org_wiki_Science,2445,45.000000
original,11,wikipedia,http___en.m.wikipedia.org_wiki_Science,2462,45.000000
original,12,wikipedia,http___en.m.wikipedia.org_wiki_Science,2458,45.000000
original,13,wikipedia,http___en.m.wikipedia.org_wiki_Science,2463,46.000000
original,14,wikipedia,http___en.m.wikipedia.org_wiki_Science,2426,46.000000
original,15,wikipedia,http___en.m.wikipedia.org_wiki_Science,2432,46.000000
original,16,wikipedia,http___en.m.wikipedia.org_wiki_Science,2398,46.000000
original,17,wikipedia,http___en.m.wikipedia.org_wiki_Science,2477,48.000000
original,18,wikipedia,http___en.m.wikipedia.org_wiki_Science,2379,48.000000
original,19,wikipedia,http___en.m.wikipedia.org_wiki_Science,2465,48.000000
original,20,wikipedia,http___en.m.wikipedia.org_wiki_Science,2354,48.000000
original,21,wikipedia,http___en.m.wikipedia.org_wiki_Science,2394,49.000000
original,22,wikipedia,http___en.m.wikipedia.org_wiki_Science,2472,48.000000
original,23,wikipedia,http___en.m.wikipedia.org_wiki_Science,2383,48.000000
original,24,wikipedia,http___en.m.wikipedia.org_wiki_Science,2431,48.000000
original,25,wikipedia,http___en.m.wikipedia.org_wiki_Science,2494,49.000000
original,26,wikipedia,http___en.m.wikipedia.org_wiki_Science,2499,48.000000
original,27,wikipedia,http___en.m.wikipedia.org_wiki_Science,2518,49.000000
original,28,wikipedia,http___en.m.wikipedia.org_wiki_Science,2403,48.000000
original,0,twitter,https___mobile.twitter.com_justinbieber?skip_interstitial_true,784,39.000000
original,1,twitter,https___mobile.twitter.com_justinbieber?skip_interstitial_true,778,41.000000
original,2,twitter,https___mobile.twitter.com_justinbieber?skip_interstitial_true,750,42.000000
original,3,twitter,https___mobile.twitter.com_justinbieber?skip_interstitial_true,773,42.000000
original,4,twitter,https___mobile.twitter.com_justinbieber?skip_interstitial_true,776,42.000000
original,5,twitter,https___mobile.twitter.com_justinbieber?skip_interstitial_true,802,43.000000
original,6,twitter,https___mobile.twitter.com_justinbieber?skip_interstitial_true,812,44.000000
original,7,twitter,https___mobile.twitter.com_justinbieber?skip_interstitial_true,796,44.000000
original,8,twitter,https___mobile.twitter.com_justinbieber?skip_interstitial_true,784,45.000000
original,9,twitter,https___mobile.twitter.com_justinbieber?skip_interstitial_true,788,45.000000
original,10,twitter,https___mobile.twitter.com_justinbieber?skip_interstitial_true,778,45.000000
original,11,twitter,https___mobile.twitter.com_justinbieber?skip_interstitial_true,760,46.000000
original,12,twitter,https___mobile.twitter.com_justinbieber?skip_interstitial_true,777,45.000000
original,13,twitter,https___mobile.twitter.com_justinbieber?skip_interstitial_true,777,46.000000
original,14,twitter,https___mobile.twitter.com_justinbieber?skip_interstitial_true,803,46.000000
original,15,twitter,https___mobile.twitter.com_justinbieber?skip_interstitial_true,751,46.000000
original,16,twitter,https___mobile.twitter.com_justinbieber?skip_interstitial_true,796,48.000000
original,17,twitter,https___mobile.twitter.com_justinbieber?skip_interstitial_true,754,46.000000
original,18,twitter,https___mobile.twitter.com_justinbieber?skip_interstitial_true,765,48.000000
original,19,twitter,https___mobile.twitter.com_justinbieber?skip_interstitial_true,822,48.000000
original,20,twitter,https___mobile.twitter.com_justinbieber?skip_interstitial_true,785,48.000000
original,21,twitter,https___mobile.twitter.com_justinbieber?skip_interstitial_true,769,48.000000
original,22,twitter,https___mobile.twitter.com_justinbieber?skip_interstitial_true,777,48.000000
original,23,twitter,https___mobile.twitter.com_justinbieber?skip_interstitial_true,822,49.000000
original,24,twitter,https___mobile.twitter.com_justinbieber?skip_interstitial_true,831,48.000000
original,25,twitter,https___mobile.twitter.com_justinbieber?skip_interstitial_true,777,49.000000
original,26,twitter,https___mobile.twitter.com_justinbieber?skip_interstitial_true,813,49.000000
original,27,twitter,https___mobile.twitter.com_justinbieber?skip_interstitial_true,800,49.000000
original,28,twitter,https___mobile.twitter.com_justinbieber?skip_interstitial_true,827,48.000000
cores4,0,facebook,https___m.facebook.com_rihanna,1192,30.000000
cores4,1,facebook,https___m.facebook.com_rihanna,1146,35.000000
cores4,2,facebook,https___m.facebook.com_rihanna,1157,37.000000
cores4,3,facebook,https___m.facebook.com_rihanna,1160,38.000000
cores4,4,facebook,https___m.facebook.com_rihanna,1176,39.000000
cores4,5,facebook,https___m.facebook.com_rihanna,1134,41.000000
cores4,6,facebook,https___m.facebook.com_rihanna,1159,41.000000
cores4,7,facebook,https___m.facebook.com_rihanna,1129,44.000000
cores4,8,facebook,https___m.facebook.com_rihanna,1149,45.000000
cores4,9,facebook,https___m.facebook.com_rihanna,1169,44.000000
cores4,10,facebook,https___m.facebook.com_rihanna,1192,44.000000
cores4,11,facebook,https___m.facebook.com_rihanna,1152,45.000000
cores4,12,facebook,https___m.facebook.com_rihanna,1152,49.000000
cores4,13,facebook,https___m.facebook.com_rihanna,1133,46.000000
cores4,14,facebook,https___m.facebook.com_rihanna,1172,48.000000
cores4,15,facebook,https___m.facebook.com_rihanna,1151,46.000000
cores4,16,facebook,https___m.facebook.com_rihanna,1130,48.000000
cores4,17,facebook,https___m.facebook.com_rihanna,1158,50.000000
cores4,18,facebook,https___m.facebook.com_rihanna,1179,50.000000
cores4,19,facebook,https___m.facebook.com_rihanna,1116,49.000000
cores4,20,facebook,https___m.facebook.com_rihanna,1127,49.000000
cores4,21,facebook,https___m.facebook.com_rihanna,1157,51.000000
cores4,22,facebook,https___m.facebook.com_rihanna,1145,51.000000
cores4,23,facebook,https___m.facebook.com_rihanna,1139,50.000000
cores4,24,facebook,https___m.facebook.com_rihanna,1164,52.000000
cores4,25,facebook,https___m.facebook.com_rihanna,1151,52.000000
cores4,26,facebook,https___m.facebook.com_rihanna,1130,52.000000
cores4,27,facebook,https___m.facebook.com_rihanna,1156,51.000000
cores4,28,facebook,https___m.facebook.com_rihanna,1137,51.000000
cores4,0,amazon,http___www.amazon.com_gp_aw_s_?k_nexus,618,32.000000
cores4,1,amazon,http___www.amazon.com_gp_aw_s_?k_nexus,532,36.000000
cores4,2,amazon,http___www.amazon.com_gp_aw_s_?k_nexus,523,37.000000
cores4,3,amazon,http___www.amazon.com_gp_aw_s_?k_nexus,535,38.000000
cores4,4,amazon,http___www.amazon.com_gp_aw_s_?k_nexus,540,41.000000
cores4,5,amazon,http___www.amazon.com_gp_aw_s_?k_nexus,515,42.000000
cores4,6,amazon,http___www.amazon.com_gp_aw_s_?k_nexus,593,42.000000
cores4,7,amazon,http___www.amazon.com_gp_aw_s_?k_nexus,532,44.000000
cores4,8,amazon,http___www.amazon.com_gp_aw_s_?k_nexus,512,45.000000
cores4,9,amazon,http___www.amazon.com_gp_aw_s_?k_nexus,536,45.000000
cores4,10,amazon,http___www.amazon.com_gp_aw_s_?k_nexus,598,45.000000
cores4,11,amazon,http___www.amazon.com_gp_aw_s_?k_nexus,519,45.000000
cores4,12,amazon,http___www.amazon.com_gp_aw_s_?k_nexus,522,46.000000
cores4,13,amazon,http___www.amazon.com_gp_aw_s_?k_nexus,586,49.000000
cores4,14,amazon,http___www.amazon.com_gp_aw_s_?k_nexus,526,49.000000
cores4,15,amazon,http___www.amazon.com_gp_aw_s_?k_nexus,608,50.000000
cores4,16,amazon,http___www.amazon.com_gp_aw_s_?k_nexus,604,49.000000
cores4,17,amazon,http___www.amazon.com_gp_aw_s_?k_nexus,512,50.000000
cores4,18,amazon,http___www.amazon.com_gp_aw_s_?k_nexus,535,50.000000
cores4,19,amazon,http___www.amazon.com_gp_aw_s_?k_nexus,613,49.000000
cores4,20,amazon,http___www.amazon.com_gp_aw_s_?k_nexus,588,51.000000
cores4,21,amazon,http___www.amazon.com_gp_aw_s_?k_nexus,516,50.000000
cores4,22,amazon,http___www.amazon.com_gp_aw_s_?k_nexus,515,51.000000
cores4,23,amazon,http___www.amazon.com_gp_aw_s_?k_nexus,519,51.000000
cores4,24,amazon,http___www.amazon.com_gp_aw_s_?k_nexus,529,52.000000
cores4,25,amazon,http___www.amazon.com_gp_aw_s_?k_nexus,593,51.000000
cores4,26,amazon,http___www.amazon.com_gp_aw_s_?k_nexus,533,51.000000
cores4,27,amazon,http___www.amazon.com_gp_aw_s_?k_nexus,592,51.000000
cores4,28,amazon,http___www.amazon.com_gp_aw_s_?k_nexus,602,52.000000
cores4,0,youtube,http___m.youtube.com_results?q_science,1572,29.000000
cores4,1,youtube,http___m.youtube.com_results?q_science,1595,34.000000
cores4,2,youtube,http___m.youtube.com_results?q_science,1609,38.000000
cores4,3,youtube,http___m.youtube.com_results?q_science,1582,37.000000
cores4,4,youtube,http___m.youtube.com_results?q_science,1580,41.000000
cores4,5,youtube,http___m.youtube.com_results?q_science,1593,39.000000
cores4,6,youtube,http___m.youtube.com_results?q_science,1612,42.000000
cores4,7,youtube,http___m.youtube.com_results?q_science,1601,42.000000
cores4,8,youtube,http___m.youtube.com_results?q_science,1613,44.000000
cores4,9,youtube,http___m.youtube.com_results?q_science,1609,45.000000
cores4,10,youtube,http___m.youtube.com_results?q_science,1576,45.000000
cores4,11,youtube,http___m.youtube.com_results?q_science,1576,44.000000
cores4,12,youtube,http___m.youtube.com_results?q_science,1599,48.000000
cores4,13,youtube,http___m.youtube.com_results?q_science,1612,46.000000
cores4,14,youtube,http___m.youtube.com_results?q_science,1611,49.000000
cores4,15,youtube,http___m.youtube.com_results?q_science,1626,46.000000
cores4,16,youtube,http___m.youtube.com_results?q_science,1591,50.000000
cores4,17,youtube,http___m.youtube.com_results?q_science,1596,49.000000
cores4,18,youtube,http___m.youtube.com_results?q_science,1584,51.000000
cores4,19,youtube,http___m.youtube.com_results?q_science,1596,49.000000
cores4,20,youtube,http___m.youtube.com_results?q_science,1597,49.000000
cores4,21,youtube,http___m.youtube.com_results?q_science,1611,51.000000
cores4,22,youtube,http___m.youtube.com_results?q_science,1621,50.000000
cores4,23,youtube,http___m.youtube.com_results?q_science,1602,51.000000
cores4,24,youtube,http___m.youtube.com_results?q_science,1610,52.000000
cores4,25,youtube,http___m.youtube.com_results?q_science,1613,54.000000
cores4,26,youtube,http___m.youtube.com_results?q_science,1597,52.000000
cores4,27,youtube,http___m.youtube.com_results?q_science,1607,51.000000
cores4,28,youtube,http___m.youtube.com_results?q_science,1621,52.000000
cores4,0,yandex,http___yandex.ru_touchsearch?text_science,1560,32.000000
cores4,1,yandex,http___yandex.ru_touchsearch?text_science,1424,36.000000
cores4,2,yandex,http___yandex.ru_touchsearch?text_science,1422,38.000000
cores4,3,yandex,http___yandex.ru_touchsearch?text_science,1419,38.000000
cores4,4,yandex,http___yandex.ru_touchsearch?text_science,1466,42.000000
cores4,5,yandex,http___yandex.ru_touchsearch?text_science,1450,42.000000
cores4,6,yandex,http___yandex.ru_touchsearch?text_science,1427,43.000000
cores4,7,yandex,http___yandex.ru_touchsearch?text_science,1417,45.000000
cores4,8,yandex,http___yandex.ru_touchsearch?text_science,1410,45.000000
cores4,9,yandex,http___yandex.ru_touchsearch?text_science,1437,46.000000
cores4,10,yandex,http___yandex.ru_touchsearch?text_science,1400,45.000000
cores4,11,yandex,http___yandex.ru_touchsearch?text_science,1412,48.000000
cores4,12,yandex,http___yandex.ru_touchsearch?text_science,1449,46.000000
cores4,13,yandex,http___yandex.ru_touchsearch?text_science,1409,48.000000
cores4,14,yandex,http___yandex.ru_touchsearch?text_science,1424,48.000000
cores4,15,yandex,http___yandex.ru_touchsearch?text_science,1455,48.000000
cores4,16,yandex,http___yandex.ru_touchsearch?text_science,1411,50.000000
cores4,17,yandex,http___yandex.ru_touchsearch?text_science,1420,50.000000
cores4,18,yandex,http___yandex.ru_touchsearch?text_science,1425,49.000000
cores4,19,yandex,http___yandex.ru_touchsearch?text_science,1434,50.000000
cores4,20,yandex,http___yandex.ru_touchsearch?text_science,1455,51.000000
cores4,21,yandex,http___yandex.ru_touchsearch?text_science,1419,50.000000
cores4,22,yandex,http___yandex.ru_touchsearch?text_science,1468,50.000000
cores4,23,yandex,http___yandex.ru_touchsearch?text_science,1422,50.000000
cores4,24,yandex,http___yandex.ru_touchsearch?text_science,1423,51.000000
cores4,25,yandex,http___yandex.ru_touchsearch?text_science,1421,52.000000
cores4,26,yandex,http___yandex.ru_touchsearch?text_science,1443,51.000000
cores4,27,yandex,http___yandex.ru_touchsearch?text_science,1473,51.000000
cores4,28,yandex,http___yandex.ru_touchsearch?text_science,1429,52.000000
cores4,0,baidu,http___www.baidu.com_s?word_google,609,30.000000
cores4,1,baidu,http___www.baidu.com_s?word_google,618,35.000000
cores4,2,baidu,http___www.baidu.com_s?word_google,601,37.000000
cores4,3,baidu,http___www.baidu.com_s?word_google,592,37.000000
cores4,4,baidu,http___www.baidu.com_s?word_google,608,41.000000
cores4,5,baidu,http___www.baidu.com_s?word_google,601,42.000000
cores4,6,baidu,http___www.baidu.com_s?word_google,604,43.000000
cores4,7,baidu,http___www.baidu.com_s?word_google,603,43.000000
cores4,8,baidu,http___www.baidu.com_s?word_google,599,45.000000
cores4,9,baidu,http___www.baidu.com_s?word_google,609,44.000000
cores4,10,baidu,http___www.baidu.com_s?word_google,613,45.000000
cores4,11,baidu,http___www.baidu.com_s?word_google,617,46.000000
cores4,12,baidu,http___www.baidu.com_s?word_google,622,48.000000
cores4,13,baidu,http___www.baidu.com_s?word_google,614,49.000000
cores4,14,baidu,http___www.baidu.com_s?word_google,601,46.000000
cores4,15,baidu,http___www.baidu.com_s?word_google,593,46.000000
cores4,16,baidu,http___www.baidu.com_s?word_google,614,48.000000
cores4,17,baidu,http___www.baidu.com_s?word_google,607,48.000000
cores4,18,baidu,http___www.baidu.com_s?word_google,617,48.000000
cores4,19,baidu,http___www.baidu.com_s?word_google,597,49.000000
cores4,20,baidu,http___www.baidu.com_s?word_google,605,50.000000
cores4,21,baidu,http___www.baidu.com_s?word_google,608,51.000000
cores4,22,baidu,http___www.baidu.com_s?word_google,610,50.000000
cores4,23,baidu,http___www.baidu.com_s?word_google,622,51.000000
cores4,24,baidu,http___www.baidu.com_s?word_google,623,52.000000
cores4,25,baidu,http___www.baidu.com_s?word_google,609,50.000000
cores4,26,baidu,http___www.baidu.com_s?word_google,604,51.000000
cores4,27,baidu,http___www.baidu.com_s?word_google,594,51.000000
cores4,28,baidu,http___www.baidu.com_s?word_google,599,51.000000
cores4,0,taobao,http___m.taobao.com_channel_act_mobile_20131111-women.html,596,32.000000
cores4,1,taobao,http___m.taobao.com_channel_act_mobile_20131111-women.html,579,36.000000
cores4,2,taobao,http___m.taobao.com_channel_act_mobile_20131111-women.html,567,36.000000
cores4,3,taobao,http___m.taobao.com_channel_act_mobile_20131111-women.html,564,38.000000
cores4,4,taobao,http___m.taobao.com_channel_act_mobile_20131111-women.html,551,38.000000
cores4,5,taobao,http___m.taobao.com_channel_act_mobile_20131111-women.html,567,41.000000
cores4,6,taobao,http___m.taobao.com_channel_act_mobile_20131111-women.html,565,42.000000
cores4,7,taobao,http___m.taobao.com_channel_act_mobile_20131111-women.html,591,43.000000
cores4,8,taobao,http___m.taobao.com_channel_act_mobile_20131111-women.html,569,45.000000
cores4,9,taobao,http___m.taobao.com_channel_act_mobile_20131111-women.html,571,45.000000
cores4,10,taobao,http___m.taobao.com_channel_act_mobile_20131111-women.html,574,46.000000
cores4,11,taobao,http___m.taobao.com_channel_act_mobile_20131111-women.html,567,46.000000
cores4,12,taobao,http___m.taobao.com_channel_act_mobile_20131111-women.html,569,46.000000
cores4,13,taobao,http___m.taobao.com_channel_act_mobile_20131111-women.html,550,46.000000
cores4,14,taobao,http___m.taobao.com_channel_act_mobile_20131111-women.html,575,49.000000
cores4,15,taobao,http___m.taobao.com_channel_act_mobile_20131111-women.html,563,48.000000
cores4,16,taobao,http___m.taobao.com_channel_act_mobile_20131111-women.html,571,50.000000
cores4,17,taobao,http___m.taobao.com_channel_act_mobile_20131111-women.html,549,48.000000
cores4,18,taobao,http___m.taobao.com_channel_act_mobile_20131111-women.html,567,49.000000
cores4,19,taobao,http___m.taobao.com_channel_act_mobile_20131111-women.html,570,50.000000
cores4,20,taobao,http___m.taobao.com_channel_act_mobile_20131111-women.html,555,51.000000
cores4,21,taobao,http___m.taobao.com_channel_act_mobile_20131111-women.html,563,50.000000
cores4,22,taobao,http___m.taobao.com_channel_act_mobile_20131111-women.html,557,50.000000
cores4,23,taobao,http___m.taobao.com_channel_act_mobile_20131111-women.html,568,50.000000
cores4,24,taobao,http___m.taobao.com_channel_act_mobile_20131111-women.html,562,52.000000
cores4,25,taobao,http___m.taobao.com_channel_act_mobile_20131111-women.html,557,50.000000
cores4,26,taobao,http___m.taobao.com_channel_act_mobile_20131111-women.html,573,51.000000
cores4,27,taobao,http___m.taobao.com_channel_act_mobile_20131111-women.html,582,52.000000
cores4,28,taobao,http___m.taobao.com_channel_act_mobile_20131111-women.html,542,52.000000
cores4,0,yahoo,http___search.yahoo.com_search;_ylt_?p_google,641,29.000000
cores4,1,yahoo,http___search.yahoo.com_search;_ylt_?p_google,666,32.000000
cores4,2,yahoo,http___search.yahoo.com_search;_ylt_?p_google,648,37.000000
cores4,3,yahoo,http___search.yahoo.com_search;_ylt_?p_google,657,38.000000
cores4,4,yahoo,http___search.yahoo.com_search;_ylt_?p_google,646,39.000000
cores4,5,yahoo,http___search.yahoo.com_search;_ylt_?p_google,668,39.000000
cores4,6,yahoo,http___search.yahoo.com_search;_ylt_?p_google,697,43.000000
cores4,7,yahoo,http___search.yahoo.com_search;_ylt_?p_google,647,42.000000
cores4,8,yahoo,http___search.yahoo.com_search;_ylt_?p_google,660,44.000000
cores4,9,yahoo,http___search.yahoo.com_search;_ylt_?p_google,643,45.000000
cores4,10,yahoo,http___search.yahoo.com_search;_ylt_?p_google,647,46.000000
cores4,11,yahoo,http___search.yahoo.com_search;_ylt_?p_google,650,48.000000
cores4,12,yahoo,http___search.yahoo.com_search;_ylt_?p_google,646,46.000000
cores4,13,yahoo,http___search.yahoo.com_search;_ylt_?p_google,647,46.000000
cores4,14,yahoo,http___search.yahoo.com_search;_ylt_?p_google,654,48.000000
cores4,15,yahoo,http___search.yahoo.com_search;_ylt_?p_google,646,49.000000
cores4,16,yahoo,http___search.yahoo.com_search;_ylt_?p_google,650,48.000000
cores4,17,yahoo,http___search.yahoo.com_search;_ylt_?p_google,643,50.000000
cores4,18,yahoo,http___search.yahoo.com_search;_ylt_?p_google,641,48.000000
cores4,19,yahoo,http___search.yahoo.com_search;_ylt_?p_google,649,49.000000
cores4,20,yahoo,http___search.yahoo.com_search;_ylt_?p_google,650,51.000000
cores4,21,yahoo,http___search.yahoo.com_search;_ylt_?p_google,655,49.000000
cores4,22,yahoo,http___search.yahoo.com_search;_ylt_?p_google,713,49.000000
cores4,23,yahoo,http___search.yahoo.com_search;_ylt_?p_google,644,51.000000
cores4,24,yahoo,http___search.yahoo.com_search;_ylt_?p_google,639,50.000000
cores4,25,yahoo,http___search.yahoo.com_search;_ylt_?p_google,647,51.000000
cores4,26,yahoo,http___search.yahoo.com_search;_ylt_?p_google,673,51.000000
cores4,27,yahoo,http___search.yahoo.com_search;_ylt_?p_google,647,51.000000
cores4,28,yahoo,http___search.yahoo.com_search;_ylt_?p_google,641,52.000000
cores4,0,google,https___www.google.com__hl_en_q_science,1584,28.000000
cores4,1,google,https___www.google.com__hl_en_q_science,1594,34.000000
cores4,2,google,https___www.google.com__hl_en_q_science,1559,37.000000
cores4,3,google,https___www.google.com__hl_en_q_science,1582,37.000000
cores4,4,google,https___www.google.com__hl_en_q_science,1562,41.000000
cores4,5,google,https___www.google.com__hl_en_q_science,1609,42.000000
cores4,6,google,https___www.google.com__hl_en_q_science,1580,41.000000
cores4,7,google,https___www.google.com__hl_en_q_science,1604,44.000000
cores4,8,google,https___www.google.com__hl_en_q_science,1597,43.000000
cores4,9,google,https___www.google.com__hl_en_q_science,1577,43.000000
cores4,10,google,https___www.google.com__hl_en_q_science,1587,44.000000
cores4,11,google,https___www.google.com__hl_en_q_science,1562,46.000000
cores4,12,google,https___www.google.com__hl_en_q_science,1559,46.000000
cores4,13,google,https___www.google.com__hl_en_q_science,1571,46.000000
cores4,14,google,https___www.google.com__hl_en_q_science,1612,49.000000
cores4,15,google,https___www.google.com__hl_en_q_science,1584,49.000000
cores4,16,google,https___www.google.com__hl_en_q_science,1554,49.000000
cores4,17,google,https___www.google.com__hl_en_q_science,1551,50.000000
cores4,18,google,https___www.google.com__hl_en_q_science,1612,49.000000
cores4,19,google,https___www.google.com__hl_en_q_science,1582,49.000000
cores4,20,google,https___www.google.com__hl_en_q_science,1577,49.000000
cores4,21,google,https___www.google.com__hl_en_q_science,1584,51.000000
cores4,22,google,https___www.google.com__hl_en_q_science,1591,52.000000
cores4,23,google,https___www.google.com__hl_en_q_science,1597,50.000000
cores4,24,google,https___www.google.com__hl_en_q_science,1587,50.000000
cores4,25,google,https___www.google.com__hl_en_q_science,1622,52.000000
cores4,26,google,https___www.google.com__hl_en_q_science,1595,50.000000
cores4,27,google,https___www.google.com__hl_en_q_science,1577,52.000000
cores4,28,google,https___www.google.com__hl_en_q_science,1586,50.000000
cores4,0,wikipedia,http___en.m.wikipedia.org_wiki_Science,2279,31.000000
cores4,1,wikipedia,http___en.m.wikipedia.org_wiki_Science,2270,35.000000
cores4,2,wikipedia,http___en.m.wikipedia.org_wiki_Science,2271,38.000000
cores4,3,wikipedia,http___en.m.wikipedia.org_wiki_Science,2216,38.000000
cores4,4,wikipedia,http___en.m.wikipedia.org_wiki_Science,2323,39.000000
cores4,5,wikipedia,http___en.m.wikipedia.org_wiki_Science,2229,41.000000
cores4,6,wikipedia,http___en.m.wikipedia.org_wiki_Science,2287,44.000000
cores4,7,wikipedia,http___en.m.wikipedia.org_wiki_Science,2277,43.000000
cores4,8,wikipedia,http___en.m.wikipedia.org_wiki_Science,2272,43.000000
cores4,9,wikipedia,http___en.m.wikipedia.org_wiki_Science,2294,44.000000
cores4,10,wikipedia,http___en.m.wikipedia.org_wiki_Science,2293,45.000000
cores4,11,wikipedia,http___en.m.wikipedia.org_wiki_Science,2287,46.000000
cores4,12,wikipedia,http___en.m.wikipedia.org_wiki_Science,2277,45.000000
cores4,13,wikipedia,http___en.m.wikipedia.org_wiki_Science,2280,49.000000
cores4,14,wikipedia,http___en.m.wikipedia.org_wiki_Science,2278,48.000000
cores4,15,wikipedia,http___en.m.wikipedia.org_wiki_Science,2276,48.000000
cores4,16,wikipedia,http___en.m.wikipedia.org_wiki_Science,2326,48.000000
cores4,17,wikipedia,http___en.m.wikipedia.org_wiki_Science,2321,49.000000
cores4,18,wikipedia,http___en.m.wikipedia.org_wiki_Science,2288,49.000000
cores4,19,wikipedia,http___en.m.wikipedia.org_wiki_Science,2290,48.000000
cores4,20,wikipedia,http___en.m.wikipedia.org_wiki_Science,2245,50.000000
cores4,21,wikipedia,http___en.m.wikipedia.org_wiki_Science,2294,50.000000
cores4,22,wikipedia,http___en.m.wikipedia.org_wiki_Science,2278,51.000000
cores4,23,wikipedia,http___en.m.wikipedia.org_wiki_Science,2295,51.000000
cores4,24,wikipedia,http___en.m.wikipedia.org_wiki_Science,2262,50.000000
cores4,25,wikipedia,http___en.m.wikipedia.org_wiki_Science,2279,50.000000
cores4,26,wikipedia,http___en.m.wikipedia.org_wiki_Science,2317,51.000000
cores4,27,wikipedia,http___en.m.wikipedia.org_wiki_Science,2299,52.000000
cores4,28,wikipedia,http___en.m.wikipedia.org_wiki_Science,2307,51.000000
cores4,0,twitter,https___mobile.twitter.com_justinbieber?skip_interstitial_true,734,32.000000
cores4,1,twitter,https___mobile.twitter.com_justinbieber?skip_interstitial_true,727,36.000000
cores4,2,twitter,https___mobile.twitter.com_justinbieber?skip_interstitial_true,724,36.000000
cores4,3,twitter,https___mobile.twitter.com_justinbieber?skip_interstitial_true,735,39.000000
cores4,4,twitter,https___mobile.twitter.com_justinbieber?skip_interstitial_true,709,42.000000
cores4,5,twitter,https___mobile.twitter.com_justinbieber?skip_interstitial_true,742,41.000000
cores4,6,twitter,https___mobile.twitter.com_justinbieber?skip_interstitial_true,712,44.000000
cores4,7,twitter,https___mobile.twitter.com_justinbieber?skip_interstitial_true,707,43.000000
cores4,8,twitter,https___mobile.twitter.com_justinbieber?skip_interstitial_true,720,45.000000
cores4,9,twitter,https___mobile.twitter.com_justinbieber?skip_interstitial_true,729,44.000000
cores4,10,twitter,https___mobile.twitter.com_justinbieber?skip_interstitial_true,717,46.000000
cores4,11,twitter,https___mobile.twitter.com_justinbieber?skip_interstitial_true,724,46.000000
cores4,12,twitter,https___mobile.twitter.com_justinbieber?skip_interstitial_true,740,46.000000
cores4,13,twitter,https___mobile.twitter.com_justinbieber?skip_interstitial_true,719,45.000000
cores4,14,twitter,https___mobile.twitter.com_justinbieber?skip_interstitial_true,723,49.000000
cores4,15,twitter,https___mobile.twitter.com_justinbieber?skip_interstitial_true,717,46.000000
cores4,16,twitter,https___mobile.twitter.com_justinbieber?skip_interstitial_true,724,50.000000
cores4,17,twitter,https___mobile.twitter.com_justinbieber?skip_interstitial_true,715,50.000000
cores4,18,twitter,https___mobile.twitter.com_justinbieber?skip_interstitial_true,720,50.000000
cores4,19,twitter,https___mobile.twitter.com_justinbieber?skip_interstitial_true,720,51.000000
cores4,20,twitter,https___mobile.twitter.com_justinbieber?skip_interstitial_true,723,49.000000
cores4,21,twitter,https___mobile.twitter.com_justinbieber?skip_interstitial_true,748,49.000000
cores4,22,twitter,https___mobile.twitter.com_justinbieber?skip_interstitial_true,726,51.000000
cores4,23,twitter,https___mobile.twitter.com_justinbieber?skip_interstitial_true,737,50.000000
cores4,24,twitter,https___mobile.twitter.com_justinbieber?skip_interstitial_true,755,50.000000
cores4,25,twitter,https___mobile.twitter.com_justinbieber?skip_interstitial_true,722,52.000000
cores4,26,twitter,https___mobile.twitter.com_justinbieber?skip_interstitial_true,746,51.000000
cores4,27,twitter,https___mobile.twitter.com_justinbieber?skip_interstitial_true,720,52.000000
cores4,28,twitter,https___mobile.twitter.com_justinbieber?skip_interstitial_true,722,51.000000
